id,source,seed,episodeIndex,success,abortReason,numSteps,meanAbsCorrection,maxAbsCorrection
sft_64230000_0,sft,64230000,0,True,,14,0.02676021826586553,0.08656224887818098
sft_64230001_1,sft,64230001,1,True,,13,0.013692999473558022,0.05150488205254078
sft_64230002_2,sft,64230002,2,True,,22,0.020602003099735488,0.09162493981420994
sft_64230003_3,sft,64230003,3,False,,23,0.019430475977613874,0.04826831445097923
sft_64240000_0,sft,64240000,0,True,,13,0.01935879997192667,0.056423936039209366
sft_64240001_1,sft,64240001,1,True,,23,0.02685406631992563,0.09919221885502338
sft_64240002_2,sft,64240002,2,False,,23,0.0216691258120472,0.04669069033116102
sft_64240003_3,sft,64240003,3,True,,22,0.03477822239934043,0.1119227334856987
sft_64250000_0,sft,64250000,0,False,,23,0.02642043378285092,0.09560523182153702
sft_64250001_1,sft,64250001,1,True,,23,0.022140423119392082,0.07340754754841328
sft_64250002_2,sft,64250002,2,True,,12,0.018338201567530632,0.06166857294738293
sft_64250003_3,sft,64250003,3,True,,22,0.019876764790916986,0.054992176592350006
sft_64260000_0,sft,64260000,0,True,,22,0.019971233792603016,0.11178438365459442
sft_64260001_1,sft,64260001,1,False,,23,0.026778935728108754,0.07491306960582733
sft_64260002_2,sft,64260002,2,True,,11,0.021117161536081272,0.05680820345878601
sft_64260003_3,sft,64260003,3,False,,23,0.015017276609559422,0.05297000985592604
exp005_64230000_0,exp005,64230000,0,False,"planning_failed_30_times_{'left': 'Fail', 'right': 'Success'}",20,0.02928409425076097,0.08824569173157215
exp005_64230001_1,exp005,64230001,1,True,,6,0.0282443940329055,0.08210955560207367
exp005_64230002_2,exp005,64230002,2,False,,23,0.013638935456781284,0.052763900719583035
exp005_64230003_3,exp005,64230003,3,True,,8,0.02819743606960401,0.04162735119462013
exp005_64240000_0,exp005,64240000,0,False,"planning_failed_30_times_{'left': 'Success', 'right': 'Fail'}",19,0.020705986179803546,0.1777767576277256
exp005_64240001_1,exp005,64240001,1,True,,8,0.037865165853872895,0.07886273041367531
exp005_64240002_2,exp005,64240002,2,False,,23,0.021726637430813,0.06527719926089048
exp005_64240003_3,exp005,64240003,3,True,,14,0.03295552843649473,0.06723443511873484
exp005_64250000_0,exp005,64250000,0,True,,8,0.048836114816367626,0.11080924794077873
exp005_64250001_1,exp005,64250001,1,True,,6,0.017739165186261136,0.03316471120342612
exp005_64250002_2,exp005,64250002,2,True,,5,0.019491054862737656,0.03475344926118851
exp005_64250003_3,exp005,64250003,3,True,,8,0.02586359647102654,0.09470654185861349
exp005_64260000_0,exp005,64260000,0,True,,8,0.01940718450350687,0.09091960079967976
exp005_64260001_1,exp005,64260001,1,False,,23,0.020772989029469696,0.08195347618311644
exp005_64260002_2,exp005,64260002,2,True,,5,0.01502433642745018,0.023082856088876724
exp005_64260003_3,exp005,64260003,3,True,,5,0.018216164503246545,0.04652411863207817
exp008_64230000_0,exp008,64230000,0,False,,23,0.025699188477238236,0.08914460428059101
exp008_64230001_1,exp008,64230001,1,True,,16,0.015056976117193699,0.051546813920140266
exp008_64230002_2,exp008,64230002,2,False,,23,0.01342875366706563,0.05040861666202545
exp008_64230003_3,exp008,64230003,3,False,,23,0.026340412380902664,0.10823516920208931
exp008_64240000_0,exp008,64240000,0,True,,12,0.02802938292734325,0.07042824663221836
exp008_64240001_1,exp008,64240001,1,False,,23,0.015353173057994118,0.04057358577847481
exp008_64240002_2,exp008,64240002,2,False,,23,0.01428567765928481,0.07465159380808473
exp008_64240003_3,exp008,64240003,3,False,,23,0.022065313593686922,0.09813587553799152
exp008_64250000_0,exp008,64250000,0,False,,23,0.018301342755718077,0.05868734419345856
exp008_64250001_1,exp008,64250001,1,True,,14,0.025739530666864345,0.14005822036415339
exp008_64250002_2,exp008,64250002,2,True,,13,0.018087375550889052,0.04357219487428665
exp008_64250003_3,exp008,64250003,3,False,,23,0.02392900016401773,0.09389015473425388
exp008_64260000_0,exp008,64260000,0,False,,23,0.01845921127571036,0.05654539912939072
exp008_64260001_1,exp008,64260001,1,False,,23,0.021777638193705807,0.08098188228905201
exp008_64260002_2,exp008,64260002,2,True,,12,0.020013658058208723,0.06051681190729141
exp008_64260003_3,exp008,64260003,3,False,,23,0.02017046328957962,0.0636971821077168
exp009_64230000_0,exp009,64230000,0,False,,23,0.030057465475376532,0.10444331169128418
exp009_64230001_1,exp009,64230001,1,False,,23,0.01858252853803013,0.06312365084886551
exp009_64230002_2,exp009,64230002,2,False,,23,0.01617302666620716,0.0700378268957138
exp009_64230003_3,exp009,64230003,3,False,,23,0.021938621107002964,0.0870259702205658
exp009_64240000_0,exp009,64240000,0,True,,14,0.015833288564213684,0.05150151997804642
exp009_64240001_1,exp009,64240001,1,False,,23,0.025903963524362316,0.08240724168717861
exp009_64240002_2,exp009,64240002,2,False,,23,0.030918947299537453,0.11358704045414925
exp009_64240003_3,exp009,64240003,3,False,,23,0.03772095667765192,0.11273966357111931
exp009_64250000_0,exp009,64250000,0,False,,23,0.02193439804503451,0.11105016618967056
exp009_64250001_1,exp009,64250001,1,False,,23,0.02354520537040156,0.10320213437080383
exp009_64250002_2,exp009,64250002,2,True,,13,0.027363094716117933,0.0872826986014843
exp009_64250003_3,exp009,64250003,3,False,,23,0.014812476953248615,0.06814099196344614
exp009_64260000_0,exp009,64260000,0,False,,23,0.02891971162803795,0.1279720440506935
exp009_64260001_1,exp009,64260001,1,False,,23,0.025993173132124153,0.06876610312610865
exp009_64260002_2,exp009,64260002,2,True,,14,0.01979218067468277,0.053965071216225624
exp009_64260003_3,exp009,64260003,3,True,,13,0.017235539531191953,0.08741050865501165
exp010_64230000_0,exp010,64230000,0,True,,18,0.01415282405085034,0.04099687747657299
exp010_64230001_1,exp010,64230001,1,True,,19,0.016995566970619717,0.08023400045931339
exp010_64230002_2,exp010,64230002,2,False,,23,0.012656634896183792,0.04928317666053772
exp010_64230003_3,exp010,64230003,3,False,,23,0.019429465411635843,0.06099617388099432
exp010_64240000_0,exp010,64240000,0,True,,14,0.01584466257398682,0.04655641317367554
exp010_64240001_1,exp010,64240001,1,False,,23,0.01740615426198296,0.10043502226471901
exp010_64240002_2,exp010,64240002,2,False,,23,0.018637414576242798,0.09205886349081993
exp010_64240003_3,exp010,64240003,3,False,,23,0.024775630409788828,0.07659137528389692
exp010_64250000_0,exp010,64250000,0,False,,23,0.014973134409798227,0.09551873430609703
exp010_64250001_1,exp010,64250001,1,True,,13,0.014695949279344998,0.05751938372850418
exp010_64250002_2,exp010,64250002,2,True,,13,0.013538382911624817,0.051540033891797066
exp010_64250003_3,exp010,64250003,3,False,,23,0.023200668738750013,0.11590621061623096
exp010_64260000_0,exp010,64260000,0,False,,23,0.02585690873472587,0.08560774847865105
exp010_64260001_1,exp010,64260001,1,False,,23,0.0200350157228177,0.08201172202825546
exp010_64260002_2,exp010,64260002,2,True,,14,0.01041042129509151,0.02866895543411374
exp010_64260003_3,exp010,64260003,3,False,,23,0.01689374505582711,0.06780708953738213
exp011_64230000_0,exp011,64230000,0,False,"planning_failed_30_times_{'left': 'Fail', 'right': 'Success'}",20,0.024429765599779784,0.07828889228403568
exp011_64230001_1,exp011,64230001,1,False,,23,0.013238660566022863,0.06262349663302302
exp011_64230002_2,exp011,64230002,2,False,,23,0.025773741244135992,0.06507162842899561
exp011_64230003_3,exp011,64230003,3,False,,23,0.024802624227722055,0.08568872604519129
exp011_64240000_0,exp011,64240000,0,False,,23,0.025665673649991335,0.0676168855279684
exp011_64240001_1,exp011,64240001,1,False,,23,0.02612703097174349,0.09464351553469896
exp011_64240002_2,exp011,64240002,2,False,,23,0.026163788350379986,0.07984912861138582
exp011_64240003_3,exp011,64240003,3,False,,23,0.02359090702932166,0.06930183991789818
exp011_64250000_0,exp011,64250000,0,False,"planning_failed_30_times_{'left': 'Fail', 'right': 'Success'}",22,0.01536278710277243,0.06543715856969357
exp011_64250001_1,exp011,64250001,1,True,,6,0.036412041556710996,0.10404946841299534
exp011_64250002_2,exp011,64250002,2,True,,5,0.028967811726033688,0.05138520710170269
exp011_64250003_3,exp011,64250003,3,False,,23,0.024269765850318516,0.07312452513724566
exp011_64260000_0,exp011,64260000,0,True,,8,0.037793837662320584,0.06602009385824203
exp011_64260001_1,exp011,64260001,1,False,,23,0.030792122200617323,0.1248703645542264
exp011_64260002_2,exp011,64260002,2,True,,6,0.016359861784925062,0.033392131328582764
exp011_64260003_3,exp011,64260003,3,True,,5,0.012679889984428882,0.018874087370932102
exp012_64230000_0,exp012,64230000,0,False,,23,0.025095795716523477,0.08633216470479965
exp012_64230001_1,exp012,64230001,1,True,,13,0.018734321392212924,0.03781357407569885
exp012_64230002_2,exp012,64230002,2,False,,23,0.015136107215252907,0.07021267712116241
exp012_64230003_3,exp012,64230003,3,False,,23,0.021257936063668003,0.08196842018514872
exp012_64240000_0,exp012,64240000,0,False,,23,0.025991601024187454,0.07618948444724083
exp012_64240001_1,exp012,64240001,1,False,,23,0.02720794077132545,0.07232459634542465
exp012_64240002_2,exp012,64240002,2,False,,23,0.022581008718470515,0.08692220039665699
exp012_64240003_3,exp012,64240003,3,False,,23,0.04052810802164933,0.11308395583182573
exp012_64250000_0,exp012,64250000,0,False,,23,0.021772350630034572,0.05628770962357521
exp012_64250001_1,exp012,64250001,1,False,,23,0.01759014963982222,0.04689961299300194
exp012_64250002_2,exp012,64250002,2,False,,23,0.025370377804274143,0.07602414861321449
exp012_64250003_3,exp012,64250003,3,True,,20,0.016693864716216922,0.04837697371840477
exp012_64260000_0,exp012,64260000,0,False,,23,0.017120654077228646,0.0475701498799026
exp012_64260001_1,exp012,64260001,1,False,,23,0.018001946397935568,0.08669954538345337
exp012_64260002_2,exp012,64260002,2,False,,23,0.017721809841611463,0.08317159861326218
exp012_64260003_3,exp012,64260003,3,False,,23,0.013173092065540992,0.052938904613256454
exp013_64230000_0,exp013,64230000,0,False,,23,0.02341521695337218,0.05129794403910637
exp013_64230001_1,exp013,64230001,1,False,,23,0.012485673306914776,0.047326819971203804
exp013_64230002_2,exp013,64230002,2,False,,23,0.010637581439526833,0.04631759598851204
exp013_64230003_3,exp013,64230003,3,False,,23,0.018923731277818264,0.06813725177198648
exp013_64240000_0,exp013,64240000,0,True,,15,0.023994868093480667,0.056427843403071165
exp013_64240001_1,exp013,64240001,1,False,,23,0.02562006603440513,0.08494515344500542
exp013_64240002_2,exp013,64240002,2,False,,23,0.007969076011289397,0.04419563431292772
exp013_64240003_3,exp013,64240003,3,False,,23,0.025052935715116884,0.09038341417908669
exp013_64250000_0,exp013,64250000,0,False,,23,0.01787011218054787,0.0672701857984066
exp013_64250001_1,exp013,64250001,1,False,,23,0.010639326616554805,0.04369041230529547
exp013_64250002_2,exp013,64250002,2,True,,14,0.01672554897543575,0.043302303180098534
exp013_64250003_3,exp013,64250003,3,False,,23,0.015199027155809428,0.0458047641441226
exp013_64260000_0,exp013,64260000,0,False,,23,0.01562745917244288,0.04655288439244032
exp013_64260001_1,exp013,64260001,1,False,,23,0.014898421850217424,0.056126395240426064
exp013_64260002_2,exp013,64260002,2,True,,16,0.025106480403337628,0.06416031531989574
exp013_64260003_3,exp013,64260003,3,False,,23,0.008895288221538067,0.056521134451031685
exp014_64230000_0,exp014,64230000,0,False,,23,0.040313153709892344,0.10788483917713165
exp014_64230001_1,exp014,64230001,1,False,,23,0.01682596993835076,0.0844113314524293
exp014_64230002_2,exp014,64230002,2,False,,23,0.01312540779295175,0.04669102840125561
exp014_64230003_3,exp014,64230003,3,False,,23,0.017782396960841572,0.07493672147393227
exp014_64240000_0,exp014,64240000,0,False,,23,0.014139250649706177,0.04318554885685444
exp014_64240001_1,exp014,64240001,1,False,,23,0.015581033501328657,0.06822024565190077
exp014_64240002_2,exp014,64240002,2,False,,23,0.008353566877422449,0.027221343480050564
exp014_64240003_3,exp014,64240003,3,False,,23,0.02453688257778792,0.06212710216641426
exp014_64250000_0,exp014,64250000,0,False,,23,0.018762157278378374,0.06792404036968946
exp014_64250001_1,exp014,64250001,1,False,,23,0.015073534283463074,0.07201716909185052
exp014_64250002_2,exp014,64250002,2,True,,14,0.017978577442201122,0.048787934705615044
exp014_64250003_3,exp014,64250003,3,False,,23,0.011795734561493864,0.09265837026759982
exp014_64260000_0,exp014,64260000,0,False,,23,0.01758128276054302,0.08400801569223404
exp014_64260001_1,exp014,64260001,1,False,,23,0.02630915507957663,0.0731930723413825
exp014_64260002_2,exp014,64260002,2,False,,23,0.008810403888397243,0.026727003045380116
exp014_64260003_3,exp014,64260003,3,False,,23,0.022024965672956212,0.07062451029196382
exp015_64230000_0,exp015,64230000,0,True,,14,0.016669604860778366,0.048128215596079826
exp015_64230001_1,exp015,64230001,1,True,,14,0.017214363108256032,0.05577659048140049
exp015_64230002_2,exp015,64230002,2,True,,21,0.032103512436151505,0.11489816941320896
exp015_64230003_3,exp015,64230003,3,False,,23,0.023752526278890993,0.10606495942920446
exp015_64240000_0,exp015,64240000,0,True,,13,0.022611228462595206,0.05272591859102249
exp015_64240001_1,exp015,64240001,1,False,,23,0.044423554295107075,0.11402720212936401
exp015_64240002_2,exp015,64240002,2,False,,23,0.013791251401214497,0.039344267919659615
exp015_64240003_3,exp015,64240003,3,False,,23,0.039194214663913714,0.10718557238578796
exp015_64250000_0,exp015,64250000,0,False,,23,0.03948810785684897,0.09887013491243124
exp015_64250001_1,exp015,64250001,1,False,,23,0.02504046105415277,0.11437447741627693
exp015_64250002_2,exp015,64250002,2,True,,12,0.02991500038964053,0.08151069469749928
exp015_64250003_3,exp015,64250003,3,False,,23,0.023690151668194194,0.09557324880734086
exp015_64260000_0,exp015,64260000,0,False,"planning_failed_30_times_{'left': 'Success', 'right': 'Fail'}",20,0.03433102048002183,0.09433211199939251
exp015_64260001_1,exp015,64260001,1,False,,23,0.018098364199471216,0.053617700934410095
exp015_64260002_2,exp015,64260002,2,True,,12,0.0224752821183453,0.055768806487321854
exp015_64260003_3,exp015,64260003,3,True,,23,0.022755130153635273,0.07351661659777164
