run_id,task,layout_id,success,score,env_steps
tower-base,build_tower,0,False,0.0,1050
tower-base,build_tower,1,False,0.1,1050
tower-base,build_tower,2,False,0.0,1050
tower-base,build_tower,3,False,0.1,1050
tower-base,build_tower,4,False,0.0,1050
tower-base,build_tower,5,False,0.0,1050
tower-base,build_tower,6,False,0.0,1050
tower-base,build_tower,7,False,0.0,1050
tower-base,build_tower,8,False,0.0,1050
tower-base,build_tower,9,False,0.3,1050
tower-base,build_tower,10,False,0.0,1050
tower-base,build_tower,11,False,0.0,1050
tower-base,build_tower,12,False,0.0,1050
tower-base,build_tower,13,False,0.0,1050
tower-base,build_tower,14,False,0.3,1050
tower-base,build_tower,15,False,0.0,1050
tower-late-initial,build_tower,0,False,0.0,1050
tower-late-initial,build_tower,1,False,0.0,1050
tower-late-initial,build_tower,2,False,0.0,1050
tower-late-initial,build_tower,3,False,0.0,1050
tower-late-initial,build_tower,4,False,0.0,1050
tower-late-initial,build_tower,5,False,0.0,1050
tower-late-initial,build_tower,6,False,0.0,1050
tower-late-initial,build_tower,7,False,0.0,1050
tower-late-initial,build_tower,8,False,0.0,1050
tower-late-initial,build_tower,9,False,0.1,1050
tower-late-initial,build_tower,10,False,0.0,1050
tower-late-initial,build_tower,11,False,0.0,1050
tower-late-initial,build_tower,12,False,0.0,1050
tower-late-initial,build_tower,13,False,0.0,1050
tower-late-initial,build_tower,14,False,0.1,1050
tower-late-initial,build_tower,15,False,0.0,1050
tower-late_va_12_24,build_tower,0,False,0.0,1050
tower-late_va_12_24,build_tower,1,False,0.0,1050
tower-late_va_12_24,build_tower,2,False,0.0,1050
tower-late_va_12_24,build_tower,3,False,0.0,1050
tower-late_va_12_24,build_tower,4,False,0.0,1050
tower-late_va_12_24,build_tower,5,False,0.0,1050
tower-late_va_12_24,build_tower,6,False,0.0,1050
tower-late_va_12_24,build_tower,7,False,0.1,1050
tower-late_va_12_24,build_tower,8,False,0.0,1050
tower-late_va_12_24,build_tower,9,False,0.1,1050
tower-late_va_12_24,build_tower,10,False,0.0,1050
tower-late_va_12_24,build_tower,11,False,0.0,1050
tower-late_va_12_24,build_tower,12,False,0.0,1050
tower-late_va_12_24,build_tower,13,False,0.0,1050
tower-late_va_12_24,build_tower,14,False,0.3,1050
tower-late_va_12_24,build_tower,15,False,0.0,1050
tower-late_zero_12_24,build_tower,0,False,0.0,1050
tower-late_zero_12_24,build_tower,1,False,0.1,1050
tower-late_zero_12_24,build_tower,2,False,0.0,1050
tower-late_zero_12_24,build_tower,3,False,0.0,1050
tower-late_zero_12_24,build_tower,4,False,0.0,1050
tower-late_zero_12_24,build_tower,5,False,0.0,1050
tower-late_zero_12_24,build_tower,6,False,0.0,1050
tower-late_zero_12_24,build_tower,7,False,0.1,1050
tower-late_zero_12_24,build_tower,8,False,0.0,1050
tower-late_zero_12_24,build_tower,9,False,0.1,1050
tower-late_zero_12_24,build_tower,10,False,0.0,1050
tower-late_zero_12_24,build_tower,11,False,0.1,1050
tower-late_zero_12_24,build_tower,12,False,0.1,1050
tower-late_zero_12_24,build_tower,13,False,0.0,1050
tower-late_zero_12_24,build_tower,14,False,0.1,1050
tower-late_zero_12_24,build_tower,15,False,0.0,1050
tower-early_a_4_8,build_tower,0,True,1.0,754
tower-early_a_4_8,build_tower,1,False,0.1,1050
tower-early_a_4_8,build_tower,2,False,0.1,1050
tower-early_a_4_8,build_tower,3,False,0.0,1050
tower-early_a_4_8,build_tower,4,False,0.0,1050
tower-early_a_4_8,build_tower,5,False,0.0,1050
tower-early_a_4_8,build_tower,6,False,0.3,1050
tower-early_a_4_8,build_tower,7,False,0.1,1050
tower-early_a_4_8,build_tower,8,False,0.1,1050
tower-early_a_4_8,build_tower,9,False,0.3,1050
tower-early_a_4_8,build_tower,10,False,0.1,1050
tower-early_a_4_8,build_tower,11,False,0.1,1050
tower-early_a_4_8,build_tower,12,False,0.3,1050
tower-early_a_4_8,build_tower,13,False,0.3,1050
tower-early_a_4_8,build_tower,14,False,0.3,1050
tower-early_a_4_8,build_tower,15,False,0.3,1050
tower-early_va_4_8,build_tower,0,False,0.3,1050
tower-early_va_4_8,build_tower,1,False,0.0,1050
tower-early_va_4_8,build_tower,2,False,0.0,1050
tower-early_va_4_8,build_tower,3,False,0.0,1050
tower-early_va_4_8,build_tower,4,False,0.0,1050
tower-early_va_4_8,build_tower,5,False,0.0,1050
tower-early_va_4_8,build_tower,6,False,0.0,1050
tower-early_va_4_8,build_tower,7,False,0.1,1050
tower-early_va_4_8,build_tower,8,False,0.0,1050
tower-early_va_4_8,build_tower,9,False,0.3,1050
tower-early_va_4_8,build_tower,10,False,0.0,1050
tower-early_va_4_8,build_tower,11,False,0.3,1050
tower-early_va_4_8,build_tower,12,False,0.0,1050
tower-early_va_4_8,build_tower,13,False,0.1,1050
tower-early_va_4_8,build_tower,14,False,0.1,1050
tower-early_va_4_8,build_tower,15,False,0.0,1050
tower-v2-output-off,build_tower,0,False,0.3,1050
tower-v2-output-off,build_tower,1,False,0.0,1050
tower-v2-output-off,build_tower,2,False,0.1,1050
tower-v2-output-off,build_tower,3,False,0.3,1050
tower-v2-output-off,build_tower,4,True,1.0,787
tower-v2-output-off,build_tower,5,False,0.1,1050
tower-v2-output-off,build_tower,6,False,0.3,1050
tower-v2-output-off,build_tower,7,False,0.1,1050
tower-v2-output-off,build_tower,8,False,0.0,1050
tower-v2-output-off,build_tower,9,False,0.3,1050
tower-v2-output-off,build_tower,10,True,1.0,785
tower-v2-output-off,build_tower,11,False,0.0,1050
tower-v2-output-off,build_tower,12,False,0.3,1050
tower-v2-output-off,build_tower,13,False,0.1,1050
tower-v2-output-off,build_tower,14,False,0.1,1050
tower-v2-output-off,build_tower,15,False,0.3,1050
tower-v2-output-on,build_tower,0,False,0.3,1050
tower-v2-output-on,build_tower,1,False,0.0,1050
tower-v2-output-on,build_tower,2,False,0.0,1050
tower-v2-output-on,build_tower,3,False,0.3,1050
tower-v2-output-on,build_tower,4,False,0.1,1050
tower-v2-output-on,build_tower,5,False,0.1,1050
tower-v2-output-on,build_tower,6,True,1.0,772
tower-v2-output-on,build_tower,7,False,0.0,1050
tower-v2-output-on,build_tower,8,False,0.1,1050
tower-v2-output-on,build_tower,9,False,0.1,1050
tower-v2-output-on,build_tower,10,False,0.1,1050
tower-v2-output-on,build_tower,11,False,0.1,1050
tower-v2-output-on,build_tower,12,False,0.1,1050
tower-v2-output-on,build_tower,13,False,0.3,1050
tower-v2-output-on,build_tower,14,False,0.1,1050
tower-v2-output-on,build_tower,15,False,0.0,1050
tower-token_04,build_tower,0,False,0.0,1050
tower-token_04,build_tower,1,False,0.0,1050
tower-token_04,build_tower,2,False,0.0,1050
tower-token_04,build_tower,3,False,0.0,1050
tower-token_04,build_tower,4,False,0.0,1050
tower-token_04,build_tower,5,False,0.0,1050
tower-token_04,build_tower,6,False,0.0,1050
tower-token_04,build_tower,7,False,0.0,1050
tower-token_04,build_tower,8,False,0.3,1050
tower-token_04,build_tower,9,False,0.1,1050
tower-token_04,build_tower,10,False,0.0,1050
tower-token_04,build_tower,11,False,0.1,1050
tower-token_04,build_tower,12,False,0.0,1050
tower-token_04,build_tower,13,False,0.0,1050
tower-token_04,build_tower,14,False,0.3,1050
tower-token_04,build_tower,15,False,0.0,1050
tower-token_08,build_tower,0,False,0.1,1050
tower-token_08,build_tower,1,False,0.0,1050
tower-token_08,build_tower,2,False,0.1,1050
tower-token_08,build_tower,3,False,0.0,1050
tower-token_08,build_tower,4,False,0.0,1050
tower-token_08,build_tower,5,False,0.0,1050
tower-token_08,build_tower,6,False,0.0,1050
tower-token_08,build_tower,7,False,0.1,1050
tower-token_08,build_tower,8,False,0.0,1050
tower-token_08,build_tower,9,False,0.1,1050
tower-token_08,build_tower,10,False,0.0,1050
tower-token_08,build_tower,11,False,0.1,1050
tower-token_08,build_tower,12,False,0.1,1050
tower-token_08,build_tower,13,False,0.0,1050
tower-token_08,build_tower,14,False,0.3,1050
tower-token_08,build_tower,15,False,0.1,1050
tower-token_16,build_tower,0,False,0.0,1050
tower-token_16,build_tower,1,False,0.0,1050
tower-token_16,build_tower,2,False,0.0,1050
tower-token_16,build_tower,3,False,0.0,1050
tower-token_16,build_tower,4,False,0.0,1050
tower-token_16,build_tower,5,False,0.1,1050
tower-token_16,build_tower,6,False,0.0,1050
tower-token_16,build_tower,7,False,0.1,1050
tower-token_16,build_tower,8,False,0.1,1050
tower-token_16,build_tower,9,False,0.3,1050
tower-token_16,build_tower,10,False,0.0,1050
tower-token_16,build_tower,11,False,0.1,1050
tower-token_16,build_tower,12,False,0.0,1050
tower-token_16,build_tower,13,False,0.0,1050
tower-token_16,build_tower,14,False,0.0,1050
tower-token_16,build_tower,15,False,0.1,1050
tower-token_32,build_tower,0,False,0.0,1050
tower-token_32,build_tower,1,False,0.0,1050
tower-token_32,build_tower,2,False,0.1,1050
tower-token_32,build_tower,3,False,0.0,1050
tower-token_32,build_tower,4,False,0.0,1050
tower-token_32,build_tower,5,False,0.0,1050
tower-token_32,build_tower,6,False,0.0,1050
tower-token_32,build_tower,7,False,0.0,1050
tower-token_32,build_tower,8,False,0.1,1050
tower-token_32,build_tower,9,False,0.0,1050
tower-token_32,build_tower,10,False,0.1,1050
tower-token_32,build_tower,11,False,0.1,1050
tower-token_32,build_tower,12,False,0.0,1050
tower-token_32,build_tower,13,False,0.0,1050
tower-token_32,build_tower,14,False,0.3,1050
tower-token_32,build_tower,15,False,0.0,1050
fasten_screws-base,fasten_screws,0,False,0.0,1900
fasten_screws-base,fasten_screws,1,False,0.0,1900
fasten_screws-base,fasten_screws,2,False,0.0,1900
fasten_screws-base,fasten_screws,3,False,0.0,1900
fasten_screws-base,fasten_screws,4,False,0.0,1900
fasten_screws-base,fasten_screws,5,False,0.2,1900
fasten_screws-base,fasten_screws,6,False,0.0,1900
fasten_screws-base,fasten_screws,7,False,0.0,1900
fasten_screws-base,fasten_screws,8,False,0.0,1900
fasten_screws-base,fasten_screws,9,False,0.0,1900
fasten_screws-base,fasten_screws,10,False,0.0,1900
fasten_screws-base,fasten_screws,11,False,0.0,1900
fasten_screws-base,fasten_screws,12,False,0.0,1900
fasten_screws-base,fasten_screws,13,False,0.0,1900
fasten_screws-base,fasten_screws,14,False,0.0,1900
fasten_screws-base,fasten_screws,15,False,0.0,1900
fasten_screws-early-a,fasten_screws,0,False,0.0,1900
fasten_screws-early-a,fasten_screws,1,False,0.0,1900
fasten_screws-early-a,fasten_screws,2,False,0.0,1900
fasten_screws-early-a,fasten_screws,3,False,0.0,1900
fasten_screws-early-a,fasten_screws,4,False,0.0,1900
fasten_screws-early-a,fasten_screws,5,False,0.0,1900
fasten_screws-early-a,fasten_screws,6,False,0.0,1900
fasten_screws-early-a,fasten_screws,7,False,0.0,1900
fasten_screws-early-a,fasten_screws,8,False,0.0,1900
fasten_screws-early-a,fasten_screws,9,False,0.0,1900
fasten_screws-early-a,fasten_screws,10,False,0.0,1900
fasten_screws-early-a,fasten_screws,11,False,0.0,1900
fasten_screws-early-a,fasten_screws,12,False,0.0,1900
fasten_screws-early-a,fasten_screws,13,False,0.0,1900
fasten_screws-early-a,fasten_screws,14,False,0.0,1900
fasten_screws-early-a,fasten_screws,15,False,0.0,1900
insert_tubes-base,insert_tubes,0,False,0.0,500
insert_tubes-base,insert_tubes,1,False,0.0,500
insert_tubes-base,insert_tubes,2,False,0.2,500
insert_tubes-base,insert_tubes,3,False,0.2,500
insert_tubes-base,insert_tubes,4,False,0.0,500
insert_tubes-base,insert_tubes,5,False,0.2,500
insert_tubes-base,insert_tubes,6,False,0.0,500
insert_tubes-base,insert_tubes,7,False,0.0,500
insert_tubes-base,insert_tubes,8,False,0.0,500
insert_tubes-base,insert_tubes,9,False,0.0,500
insert_tubes-base,insert_tubes,10,False,0.0,500
insert_tubes-base,insert_tubes,11,False,0.0,500
insert_tubes-base,insert_tubes,12,False,0.0,500
insert_tubes-base,insert_tubes,13,False,0.0,500
insert_tubes-base,insert_tubes,14,False,0.0,500
insert_tubes-base,insert_tubes,15,False,0.0,500
insert_tubes-early-a,insert_tubes,0,False,0.0,500
insert_tubes-early-a,insert_tubes,1,False,0.0,500
insert_tubes-early-a,insert_tubes,2,False,0.2,500
insert_tubes-early-a,insert_tubes,3,False,0.0,500
insert_tubes-early-a,insert_tubes,4,False,0.0,500
insert_tubes-early-a,insert_tubes,5,False,0.0,500
insert_tubes-early-a,insert_tubes,6,False,0.0,500
insert_tubes-early-a,insert_tubes,7,False,0.0,500
insert_tubes-early-a,insert_tubes,8,False,0.2,500
insert_tubes-early-a,insert_tubes,9,False,0.0,500
insert_tubes-early-a,insert_tubes,10,False,0.0,500
insert_tubes-early-a,insert_tubes,11,False,0.0,500
insert_tubes-early-a,insert_tubes,12,False,0.0,500
insert_tubes-early-a,insert_tubes,13,False,0.0,500
insert_tubes-early-a,insert_tubes,14,False,0.0,500
insert_tubes-early-a,insert_tubes,15,False,0.0,500
match_and_pick_from_conveyor-base,match_and_pick_from_conveyor,0,False,0.0,700
match_and_pick_from_conveyor-base,match_and_pick_from_conveyor,1,False,0.0,700
match_and_pick_from_conveyor-base,match_and_pick_from_conveyor,2,True,0.0,590
match_and_pick_from_conveyor-base,match_and_pick_from_conveyor,3,False,0.0,700
match_and_pick_from_conveyor-base,match_and_pick_from_conveyor,4,False,0.0,700
match_and_pick_from_conveyor-base,match_and_pick_from_conveyor,5,False,0.0,700
match_and_pick_from_conveyor-base,match_and_pick_from_conveyor,6,True,0.0,430
match_and_pick_from_conveyor-base,match_and_pick_from_conveyor,7,False,0.0,700
match_and_pick_from_conveyor-base,match_and_pick_from_conveyor,8,False,0.0,700
match_and_pick_from_conveyor-base,match_and_pick_from_conveyor,9,False,0.0,700
match_and_pick_from_conveyor-base,match_and_pick_from_conveyor,10,False,0.0,700
match_and_pick_from_conveyor-base,match_and_pick_from_conveyor,11,False,0.0,700
match_and_pick_from_conveyor-base,match_and_pick_from_conveyor,12,False,0.0,700
match_and_pick_from_conveyor-base,match_and_pick_from_conveyor,13,False,0.0,700
match_and_pick_from_conveyor-base,match_and_pick_from_conveyor,14,False,0.0,700
match_and_pick_from_conveyor-base,match_and_pick_from_conveyor,15,False,0.0,700
match_and_pick_from_conveyor-early-a,match_and_pick_from_conveyor,0,False,0.0,700
match_and_pick_from_conveyor-early-a,match_and_pick_from_conveyor,1,False,0.0,700
match_and_pick_from_conveyor-early-a,match_and_pick_from_conveyor,2,False,0.0,700
match_and_pick_from_conveyor-early-a,match_and_pick_from_conveyor,3,False,0.0,700
match_and_pick_from_conveyor-early-a,match_and_pick_from_conveyor,4,False,0.0,700
match_and_pick_from_conveyor-early-a,match_and_pick_from_conveyor,5,True,0.0,534
match_and_pick_from_conveyor-early-a,match_and_pick_from_conveyor,6,False,0.0,700
match_and_pick_from_conveyor-early-a,match_and_pick_from_conveyor,7,False,0.0,700
match_and_pick_from_conveyor-early-a,match_and_pick_from_conveyor,8,False,0.0,700
match_and_pick_from_conveyor-early-a,match_and_pick_from_conveyor,9,False,0.0,700
match_and_pick_from_conveyor-early-a,match_and_pick_from_conveyor,10,False,0.0,700
match_and_pick_from_conveyor-early-a,match_and_pick_from_conveyor,11,False,0.0,700
match_and_pick_from_conveyor-early-a,match_and_pick_from_conveyor,12,False,0.0,700
match_and_pick_from_conveyor-early-a,match_and_pick_from_conveyor,13,False,0.0,700
match_and_pick_from_conveyor-early-a,match_and_pick_from_conveyor,14,False,0.0,700
match_and_pick_from_conveyor-early-a,match_and_pick_from_conveyor,15,False,0.0,700
put_bottles_into_dustbin-base,put_bottles_into_dustbin,0,False,0.0,700
put_bottles_into_dustbin-base,put_bottles_into_dustbin,1,True,1.0,564
put_bottles_into_dustbin-base,put_bottles_into_dustbin,2,False,0.4,700
put_bottles_into_dustbin-base,put_bottles_into_dustbin,3,False,0.25,700
put_bottles_into_dustbin-base,put_bottles_into_dustbin,4,True,1.0,697
put_bottles_into_dustbin-base,put_bottles_into_dustbin,5,False,0.4,700
put_bottles_into_dustbin-base,put_bottles_into_dustbin,6,True,1.0,461
put_bottles_into_dustbin-base,put_bottles_into_dustbin,7,True,1.0,475
put_bottles_into_dustbin-base,put_bottles_into_dustbin,8,False,0.4,700
put_bottles_into_dustbin-base,put_bottles_into_dustbin,9,True,1.0,434
put_bottles_into_dustbin-base,put_bottles_into_dustbin,10,False,0.4,700
put_bottles_into_dustbin-base,put_bottles_into_dustbin,11,True,1.0,503
put_bottles_into_dustbin-base,put_bottles_into_dustbin,12,True,1.0,568
put_bottles_into_dustbin-base,put_bottles_into_dustbin,13,True,1.0,386
put_bottles_into_dustbin-base,put_bottles_into_dustbin,14,True,1.0,582
put_bottles_into_dustbin-base,put_bottles_into_dustbin,15,True,1.0,665
put_bottles_into_dustbin-early-a,put_bottles_into_dustbin,0,True,1.0,642
put_bottles_into_dustbin-early-a,put_bottles_into_dustbin,1,True,1.0,562
put_bottles_into_dustbin-early-a,put_bottles_into_dustbin,2,True,1.0,530
put_bottles_into_dustbin-early-a,put_bottles_into_dustbin,3,True,1.0,624
put_bottles_into_dustbin-early-a,put_bottles_into_dustbin,4,False,0.25,700
put_bottles_into_dustbin-early-a,put_bottles_into_dustbin,5,True,1.0,399
put_bottles_into_dustbin-early-a,put_bottles_into_dustbin,6,True,1.0,328
put_bottles_into_dustbin-early-a,put_bottles_into_dustbin,7,True,1.0,410
put_bottles_into_dustbin-early-a,put_bottles_into_dustbin,8,True,1.0,678
put_bottles_into_dustbin-early-a,put_bottles_into_dustbin,9,True,1.0,436
put_bottles_into_dustbin-early-a,put_bottles_into_dustbin,10,True,1.0,507
put_bottles_into_dustbin-early-a,put_bottles_into_dustbin,11,True,1.0,501
put_bottles_into_dustbin-early-a,put_bottles_into_dustbin,12,True,1.0,435
put_bottles_into_dustbin-early-a,put_bottles_into_dustbin,13,False,0.4,700
put_bottles_into_dustbin-early-a,put_bottles_into_dustbin,14,False,0.25,700
put_bottles_into_dustbin-early-a,put_bottles_into_dustbin,15,False,0.4,700
cover_blocks-base,cover_blocks,0,False,0.05,403
cover_blocks-base,cover_blocks,1,False,0.0,800
cover_blocks-base,cover_blocks,2,False,0.0,800
cover_blocks-base,cover_blocks,3,False,0.0,800
cover_blocks-base,cover_blocks,4,False,0.0,420
cover_blocks-base,cover_blocks,5,False,0.0,531
cover_blocks-base,cover_blocks,6,False,0.05,476
cover_blocks-base,cover_blocks,7,False,0.0,800
cover_blocks-base,cover_blocks,8,False,0.0,731
cover_blocks-base,cover_blocks,9,False,0.0,509
cover_blocks-base,cover_blocks,10,False,0.0,627
cover_blocks-base,cover_blocks,11,False,0.0,800
cover_blocks-base,cover_blocks,12,False,0.05,800
cover_blocks-base,cover_blocks,13,False,0.0,252
cover_blocks-base,cover_blocks,14,False,0.0,800
cover_blocks-base,cover_blocks,15,False,0.05,800
cover_blocks-early-a,cover_blocks,0,False,0.0,700
cover_blocks-early-a,cover_blocks,1,False,0.0,800
cover_blocks-early-a,cover_blocks,2,False,0.0,800
cover_blocks-early-a,cover_blocks,3,False,0.0,598
cover_blocks-early-a,cover_blocks,4,False,0.0,800
cover_blocks-early-a,cover_blocks,5,False,0.0,800
cover_blocks-early-a,cover_blocks,6,False,0.0,800
cover_blocks-early-a,cover_blocks,7,False,0.0,800
cover_blocks-early-a,cover_blocks,8,False,0.0,800
cover_blocks-early-a,cover_blocks,9,False,0.0,800
cover_blocks-early-a,cover_blocks,10,False,0.0,800
cover_blocks-early-a,cover_blocks,11,False,0.05,800
cover_blocks-early-a,cover_blocks,12,False,0.0,800
cover_blocks-early-a,cover_blocks,13,False,0.05,800
cover_blocks-early-a,cover_blocks,14,False,0.0,800
cover_blocks-early-a,cover_blocks,15,False,0.0,800
press_by_number-base,press_by_number,0,False,0.0,700
press_by_number-base,press_by_number,1,False,0.0,700
press_by_number-base,press_by_number,2,False,0.0,700
press_by_number-base,press_by_number,3,False,0.0,700
press_by_number-base,press_by_number,4,False,0.0,700
press_by_number-base,press_by_number,5,False,0.0,700
press_by_number-base,press_by_number,6,False,0.0,700
press_by_number-base,press_by_number,7,False,0.0,700
press_by_number-base,press_by_number,8,False,0.0,700
press_by_number-base,press_by_number,9,False,0.0,700
press_by_number-base,press_by_number,10,False,0.0,700
press_by_number-base,press_by_number,11,False,0.0,700
press_by_number-base,press_by_number,12,False,0.0,700
press_by_number-base,press_by_number,13,False,0.0,700
press_by_number-base,press_by_number,14,False,0.0,700
press_by_number-base,press_by_number,15,False,0.0,700
press_by_number-early-a,press_by_number,0,False,0.0,700
press_by_number-early-a,press_by_number,1,False,0.0,700
press_by_number-early-a,press_by_number,2,False,0.0,700
press_by_number-early-a,press_by_number,3,False,0.0,700
press_by_number-early-a,press_by_number,4,False,0.0,700
press_by_number-early-a,press_by_number,5,False,0.0,700
press_by_number-early-a,press_by_number,6,False,0.0,700
press_by_number-early-a,press_by_number,7,False,0.0,700
press_by_number-early-a,press_by_number,8,False,0.0,700
press_by_number-early-a,press_by_number,9,False,0.0,700
press_by_number-early-a,press_by_number,10,False,0.0,700
press_by_number-early-a,press_by_number,11,False,0.0,700
press_by_number-early-a,press_by_number,12,False,0.0,700
press_by_number-early-a,press_by_number,13,False,0.0,700
press_by_number-early-a,press_by_number,14,False,0.0,700
press_by_number-early-a,press_by_number,15,False,0.0,700
